contentId,rec1,rec2,rec3,rec4,rec5
-9192549002213406534,-4974757204495953627,8589361101754366293,-541666025693385823,-1453783314552286835,-3666646454167334466
-9189659052158407108,3739926497176994524,-3700095596785790870,4428409432282393251,2708089973817733462,8828175072897143018
-9176143510534135851,-4228415104574264137,3269302169678465882,3320201327008235211,1021466437456217445,-6727357771678896471
-9160910454530522563,8690601908689146128,-3581194288660477595,-2808969983997441543,-1199490911632553070,-3351656282247453586
-9128741757954228992,-2554512494756911972,-2382583983070627054,-5515204090203464377,6519443272707698315,2822049545552366036
-9086955082453789880,4774970687540378081,1318981494172475806,621816023396605502,-5154395767417065070,4785499183287168509
-9033211547111606164,-5253644367331262405,5092635400707338872,-4037032837327175755,7395435905985567130,430255078684584595
-9028990334396397584,3998743085432844199,809601605585939618,511891900317865118,-2440247087447106971,1796618361228441836
-9019582414165805420,5293701842202310496,3180828616327439381,-447851796385928420,-3750879736572068916,1436883058900979473
-9019233957195913605,-7986975759046428357,-1291869519847635026,1021466437456217445,3818189513627822856,6940370558848102253
-8992803137960175254,-4133169317019898816,5424502143558028097,-4798431998955209742,-1291869519847635026,-6255158415883847921
-8992201526199201450,428486625959995206,5258604889412591249,2277184202014276839,-6245566021053602636,3906974906788964502
-8964534883296838326,5211673327552264703,-1483274517395674620,1549650080907932816,8559816910657872807,-1981734999963962468
-8954346068661072425,8886002764685330098,957332268361319692,4577451034168098359,-2479936301516183562,6644171916702621557
-8950763842769120954,-5446204508747882127,-7623502978685822577,-1634742667970363668,-3040610224044779845,-8512461968928613053
-8949113594875411859,-447851796385928420,7516228655554309785,-3750879736572068916,3149164017776669829,8118799783881928573
-8948234514303933700,6642437212220341339,-2034054811536485879,6783622248311192269,-4024778022934140027,-1999468346928419252
-8900113512825364282,-1523691178084871,-8243488279185272615,-2899726011463496555,4785499183287168509,7459726589306441015
-8854146354650101086,-8900113512825364282,2858969450431709251,310515487419366995,7429409096643373334,-1730766821655383888
-8813724423497152538,-2539915991213675511,-2271000159302779222,5087084654882097891,7544768317373280661,-861913102049789637
-8800029253812071912,7155061818771055780,-1313614305945895108,6340108943344143104,-8279505492976427918,-5255285107284514595
-8771338872124599367,7395435905985567130,-5253644367331262405,-7126520323752764957,3064370296170038610,2468005329717107277
-8757701761088346244,-3716447017462787559,2555983212310147009,4195778828921942020,-5625593730080264433,-2440247087447106971
-8742648016180281673,-133139342397538859,7395435905985567130,7155061818771055780,1929674614667189969,-9033211547111606164
-8717945432162716060,-5736221996280340620,8289311442635691404,-879594538384021068,-6058152698516590252,5338677278233757627
-8657415528200615063,8589361101754366293,5217724704513784613,-1453783314552286835,-4027027091658759481,-8800029253812071912
-8627051188605351707,569574447134368517,8729086959762650511,1469580151036142903,-6728844082024523434,8302949268716967655
-8618420761918493321,1318981494172475806,-1901742495252324928,621816023396605502,-6347212504547574224,-8800029253812071912
-8606063418076691067,7202701636941380671,-4831310174172854034,-6590064508646491981,3262705634545542432,2543311963908571128
-8518096793350810174,6152652267138213180,7459726589306441015,3269302169678465882,-8189315446782327370,-3750879736572068916
-8512461968928613053,-1111518890369033396,2607211459879791691,8712996026808754180,-8279505492976427918,4195778828921942020
-8511291357261863413,1021466437456217445,-1291869519847635026,6940370558848102253,7534917347133949300,3269302169678465882
-8508606815368130888,7529823674661315431,911037455259135591,-2271000159302779222,4428409432282393251,-4996336942690402156
-8467102776052559275,2025471325746532174,-7387185690512762935,5263606973029607223,8526042588044002101,4084131344684656470
-8404657131309965885,6783622248311192269,-1523691178084871,1031060816592502094,7400903238402587728,-4765711818183276269
-8381230866408697127,7507067965574797372,-1878128207048892154,5854206600849997966,3495098006178009360,-6603970730135147059
-8377626164558006982,6340108943344143104,-8085935119790093311,-9033211547111606164,621816023396605502,7395435905985567130
-8370744479086515302,-4338308747999225618,4139191914110236238,6152652267138213180,6201946560186605500,-205193648629294862
-8369610219380465981,1549650080907932816,6519443272707698315,8559816910657872807,5293701842202310496,-4037032837327175755
-8340365043226490059,6615662748793536194,3825866166263569974,5227822864949117283,3149164017776669829,-7553931975579248065
-8314629309720421219,-5014627593450767720,8729086959762650511,911037455259135591,-4798431998955209742,7612428320594238723
-8287402887944984163,6535950170823528902,8712996026808754180,-7162567255723313045,-2069509552243850466,-3338916066794638254
-8279505492976427918,-8800029253812071912,7155061818771055780,-1313614305945895108,-307396946333196366,6340108943344143104
-8258529658421542282,3035329611795434601,-986193709330758766,2625883933130361261,-9033211547111606164,-8287402887944984163
-8243488279185272615,-6820241302436968068,-7613994611628693820,7506614456429888492,2048657552251060795,-8900113512825364282
-8208801367848627943,-8518096793350810174,2072448887839540892,2727743992157210358,3149164017776669829,3269302169678465882
-8204817396973648779,-4205346868684833897,6829640091575814990,2124033843135988844,-3400154175330058574,430255078684584595
-8190931845319543363,5964888566269323942,4911701623098526999,4774970687540378081,2857117417189640073,1549650080907932816
-8189315446782327370,3269302169678465882,1021466437456217445,-6727357771678896471,-2855910583928922225,-5778988730475305016
-8187220755213888616,6615662748793536194,5293701842202310496,3180828616327439381,4419562057180692966,7734121175534200554
-8159730897893673528,7277161137091492767,4165127518659426948,-3662111110237135231,3273084325487543386,156889606517612871
-8142426490949346803,-7570652411388243006,-667193404227875686,-5193720747719231594,358192030955601318,-7660505434580831027
-8085935119790093311,5962268176939710955,7395435905985567130,4151147085496712967,-8377626164558006982,279771472506428952
-8043889175123948305,-5488842573681626972,4105873627900556540,8749720044741011597,8483892789913825147,-5571606607344218289
-8018192200278263695,-5039153034159656707,4313871021753084020,1012456848389051365,8402348887626635381,5940374562401786524
-7986975759046428357,-1492574794514500033,-9019233957195913605,5092635400707338872,3269302169678465882,1021466437456217445
-7891293130731329672,-5446204508747882127,5336562616168017846,1379546145237381445,-1596335233529956315,6644171916702621557
-7862677531530632089,7823781477664935857,-1730766821655383888,7395435905985567130,2625883933130361261,7270966256391553686
-7838000919054582150,1318981494172475806,-8771338872124599367,8769121796537771237,-790959521412948853,621816023396605502
-7826213337362450520,-1596335233529956315,-4278025512576376201,-3959242148361340089,4876769046116846438,-3191013159715472435
-7812176982819372240,8589361101754366293,-4027027091658759481,2124033843135988844,5088013394045185972,-6697357763177451167
-7809508238092432842,-8189315446782327370,3269302169678465882,-6727357771678896471,8828175072897143018,1021466437456217445
-7722236679806608274,1379546145237381445,5849490334294127641,2725842723638001955,-5446204508747882127,-7891293130731329672
-7681408188643141872,-6980020268309524947,-1622037268576555626,-5410531116380081703,6850500272809381909,8690601908689146128
-7660505434580831027,2709926970543371965,3170775058142440102,-2314360211211303885,-5848514031542611523,6643427232964983922
-7646922141533719881,2277184202014276839,-4070599188332885701,8729086959762650511,1873952032843878490,-7113155163062752691
-7623502978685822577,8195862936106508846,-4037032837327175755,3495098006178009360,-8511291357261863413,-8950763842769120954
-7613994611628693820,-6697357763177451167,-8243488279185272615,-2539915991213675511,-2899726011463496555,-655909700262679295
-7570652411388243006,-667193404227875686,-8142426490949346803,-5193720747719231594,-401664538366009049,-1523691178084871
-7566966163569468290,-2382583983070627054,-4037032837327175755,430255078684584595,-4205346868684833897,-861913102049789637
-7564569805639737618,-6076367233589223323,1796618361228441836,4300652811307550975,2495913984359439198,-5848755753905481990
-7553931975579248065,-3102446808559723934,5227822864949117283,-7169261479876586557,-7539387928750597096,1441248639512899483
-7539387928750597096,1441248639512899483,-3102446808559723934,-4333056764244640444,-7553931975579248065,-4336877432539963613
-7518373517401484139,-7387185690512762935,5217724704513784613,3367026768872537336,-6654470039478316910,-4084394822880420062
-7508055250504867652,-1114438937697017987,-170687954910264210,-4386371945374980231,5045927063019110283,-5039153034159656707
-7492067511846042603,2267321579404324900,-4974757204495953627,511891900317865118,-2447632164766022033,8886002764685330098
-7463305179076477879,-5198756378866433953,-3900870368325485697,-4338308747999225618,6519443272707698315,-7681408188643141872
-7423191370472335463,2508620055362300376,1992928170409443117,-6654470039478316910,-6076367233589223323,-5848755753905481990
-7399665664688732365,-8800029253812071912,6340108943344143104,7818691400791322406,-5255285107284514595,7155061818771055780
-7387185690512762935,-7518373517401484139,-8467102776052559275,2025471325746532174,5263606973029607223,2543311963908571128
-7342604649736473979,-3552937095886146934,2687654465640040976,-5507019982244746725,3075564241645350154,-4024778022934140027
-7331393944609614247,-1556169727291354289,1031060816592502094,4259370161044254504,2952636544547704346,-3954182109690207118
-7294716554902079523,5217724704513784613,-6654470039478316910,-8992201526199201450,5258604889412591249,2106559900295325351
-7264217791213422584,7526364197140419661,-8992803137960175254,-4029704725707465084,2321412363020240814,-4133169317019898816
-7217198366041991957,4716135688735489427,2156244701966673186,4184543400419595673,4629488036162962359,1283472251609674486
-7169261479876586557,-3102446808559723934,-7553931975579248065,5018472516978866574,-5924996404988010,1031060816592502094
-7162567255723313045,-6245566021053602636,3035329611795434601,5258604889412591249,428486625959995206,-8287402887944984163
-7126520323752764957,7395435905985567130,-555187669877280641,-5253644367331262405,-377975173223377441,2589533162305407436
-7120369133608664808,-3750879736572068916,-5039153034159656707,1436883058900979473,-9019582414165805420,3064370296170038610
-7113155163062752691,-5813211845057621660,2277184202014276839,-7646922141533719881,3660989387512978561,-3482581255202910790
-7047448754687279385,2508620055362300376,-3482581255202910790,428486625959995206,7529823674661315431,-5446204508747882127
-6999287066519531005,4555339116751579515,-5283011611531067471,-1630229587164086350,1348739322889189648,3382511589554885024
-6980020268309524947,7155061818771055780,-8800029253812071912,3779639438468810958,-5255285107284514595,-3662111110237135231
-6872546942144599345,-4875060556471576861,2508620055362300376,-6590819806697898649,3906974906788964502,2362495898257544462
-6858665134018491791,564282370384747453,7664140604181040222,5206308811707978799,-7126520323752764957,-4509487968959834430
-6843047699859121724,6644171916702621557,357449794379078687,-3959242148361340089,7814856426770804213,-4798431998955209742
-6840859460575237450,-3944300307678659798,-42126282997118624,7664140604181040222,1649752043999819668,7520301770873472812
-6820241302436968068,2048657552251060795,-4944551138301474550,-4216050818952952471,8215778202715904841,-5636731245639685654
-6783772548752091658,-133139342397538859,-6542996094878850014,-8992803137960175254,-8208801367848627943,6044362651232258738
-6778286518036232293,4814419120794996930,-1654063646246197191,374352050712569304,3064370296170038610,7516228655554309785
-6772940823843058601,90383487344892230,1060159005880386235,5849490334294127641,-8954346068661072425,-5446204508747882127
-6728844082024523434,-1878128207048892154,5313335392004163852,7985545205318799060,8195862936106508846,-8627051188605351707
-6727357771678896471,3269302169678465882,-5778988730475305016,-1313614305945895108,-8189315446782327370,-4228415104574264137
-6726685468116057064,1031060816592502094,7155061818771055780,-5255285107284514595,-8800029253812071912,-5924996404988010
-6707474286910397949,-1630229587164086350,7612428320594238723,-5283011611531067471,5328558001212551235,-6980020268309524947
-6697357763177451167,-7613994611628693820,-2539915991213675511,-2899726011463496555,-655909700262679295,-1101832997669013246
-6654470039478316910,5217724704513784613,-6400214860728938634,6664082205633624486,2508620055362300376,-7518373517401484139
-6643406494673362190,-170687954910264210,-3170783292462058942,-5039153034159656707,7226503561499839165,5940374562401786524
-6642751159620064055,-6999287066519531005,-6707474286910397949,4555339116751579515,7612428320594238723,-5014627593450767720
-6623581327558800021,-2554512494756911972,8729086959762650511,7985545205318799060,-8627051188605351707,1469580151036142903
-6603970730135147059,6201946560186605500,-3875881534863988868,-3850803681204406658,-5414889822782394955,6569463984699537820
-6603351162010419903,-6542996094878850014,-730957269757756529,7255021292858609470,-4338308747999225618,-3363563881552061188
-6592496241044177853,6807042796917367736,7516228655554309785,-1111518890369033396,8118799783881928573,-3700095596785790870
-6590819806697898649,2508620055362300376,8302949268716967655,-6872546942144599345,-7423191370472335463,-6654470039478316910
-6590064508646491981,-8606063418076691067,3142843830268077617,3205047378909988692,7202701636941380671,-4831310174172854034
-6584408680441477889,-7527881206365368,7851022564818849560,764116021156146784,4629488036162962359,4716135688735489427
-6579094253358169934,-3954182109690207118,3608243634452078989,3149164017776669829,7181581805250416928,1797761064772338938
-6545872007932025533,-6076367233589223323,3495098006178009360,8115033558441775155,5854206600849997966,-5446204508747882127
-6542996094878850014,5270696484536580646,39554158227241538,5206308811707978799,3382511589554885024,4579557799493615039
-6523871595334455509,-793729620925729327,4577451034168098359,-4831310174172854034,-1634742667970363668,-6654470039478316910
-6484638837208285334,7606744605433799135,-5924996404988010,5227822864949117283,-205193648629294862,-4233177915193302509
-6467708104873171151,-7126520323752764957,-5658245291907121574,4118743389464105405,-8377626164558006982,-8085935119790093311
-6444494220871855741,8729086959762650511,-5813211845057621660,8620166073102656574,-8287402887944984163,-1199490911632553070
-6400214860728938634,6664082205633624486,4577451034168098359,5217724704513784613,3142843830268077617,-6654470039478316910
-6369211973034956889,4300652811307550975,511891900317865118,-8618420761918493321,8589361101754366293,-8279505492976427918
-6347212504547574224,1318981494172475806,-1901742495252324928,-1453783314552286835,-8618420761918493321,621816023396605502
-6340141548068597572,-759389978085260161,8302949268716967655,3660989387512978561,5238119115012015307,2362495898257544462
-6289909056857931861,-3285397592982852407,-5570129644089964821,-8279505492976427918,8477804012624580461,1797761064772338938
-6273159470243757969,-6820241302436968068,-4944551138301474550,8215778202715904841,-4216050818952952471,2048657552251060795
-6255158415883847921,3320201327008235211,3269302169678465882,-1313614305945895108,-8189315446782327370,-7809508238092432842
-6245566021053602636,-7162567255723313045,3035329611795434601,5258604889412591249,660451400045043370,-8992201526199201450
-6156751702010469220,5217724704513784613,2581138407738454418,-6654470039478316910,-2447632164766022033,-2382583983070627054
-6076367233589223323,-7564569805639737618,1796618361228441836,4300652811307550975,-6545872007932025533,2508620055362300376
-6074646493203713780,7534917347133949300,2858969450431709251,-9019233957195913605,3818189513627822856,1031060816592502094
-6058152698516590252,8289311442635691404,8522523292310933696,3779639438468810958,5206308811707978799,-5736221996280340620
-6009377241272750648,-5255285107284514595,-8800029253812071912,-1590585250246572231,7155061818771055780,6340108943344143104
-5997769775112032630,-8771338872124599367,-4050006690189978332,3064370296170038610,6678691743269420670,2822049545552366036
-5952729859839521828,8586403905004879205,6044362651232258738,7526364197140419661,1738052593226421681,2321412363020240814
-5920475612630001479,-3040610224044779845,-4996336942690402156,911037455259135591,7507067965574797372,-3944300307678659798
-5912792039759735631,4419562057180692966,-447851796385928420,1436883058900979473,-3750879736572068916,5293701842202310496
-5879360586463363298,-548976469460064550,4164212115654350513,7277161137091492767,4165127518659426948,-4050006690189978332
-5850390492300666299,-2740396993975951758,4508362112182399467,2262656830196923781,-1634742667970363668,4165127518659426948
-5848755753905481990,-4974757204495953627,667643281369196267,4375556914674736641,2262656830196923781,-7564569805639737618
-5848514031542611523,3170775058142440102,-7527881206365368,6643427232964983922,2709926970543371965,-2314360211211303885
-5843518165523212471,-6484638837208285334,5227822864949117283,-4233177915193302509,2321412363020240814,-5924996404988010
-5813211845057621660,-7113155163062752691,-4070599188332885701,2277184202014276839,1873952032843878490,5484061377044071389
-5784991738549272379,1441248639512899483,-3723217532224917485,4045164454094417310,8342423402350940832,-538948733779286129
-5784228041033890044,3064370296170038610,4893900714822288649,-6484638837208285334,-3351652027149912881,5227822864949117283
-5778988730475305016,3269302169678465882,-6727357771678896471,-8189315446782327370,1021466437456217445,-4228415104574264137
-5756697018315640725,-1730766821655383888,4084131344684656470,430255078684584595,5688279681867464747,-1523691178084871
-5736221996280340620,-8717945432162716060,-6058152698516590252,8289311442635691404,8522523292310933696,-879594538384021068
-5684357871122991503,3273084325487543386,7516228655554309785,3294074907209583622,-4888170580455425266,834896074125772354
-5658245291907121574,7395435905985567130,-6467708104873171151,-9033211547111606164,-5253644367331262405,-8279505492976427918
-5636731245639685654,2048657552251060795,-6820241302436968068,8215778202715904841,-4944551138301474550,-6273159470243757969
-5628897645967553681,-7217198366041991957,7851022564818849560,2156244701966673186,6031953227014493100,4184543400419595673
-5625593730080264433,5795281877636738272,5816734694927565572,6535950170823528902,6540624159201421051,-1199490911632553070
-5605799891597699962,6947862790919978120,9042192299854648021,-5736221996280340620,-1483274517395674620,-8717945432162716060
-5571606607344218289,1567984561327445971,2229625391864201918,4105873627900556540,1768976290984301641,8749720044741011597
-5570129644089964821,-3285397592982852407,-3875881534863988868,-655909700262679295,-205193648629294862,6201946560186605500
-5515204090203464377,-21036008762564671,4139191914110236238,-205193648629294862,-3363563881552061188,-1622037268576555626
-5507019982244746725,-2828628091730682303,2687654465640040976,3075564241645350154,-3552937095886146934,-7342604649736473979
-5488842573681626972,8749720044741011597,-8043889175123948305,4105873627900556540,1019706997674210703,-5571606607344218289
-5446204508747882127,7985545205318799060,-4831310174172854034,-8950763842769120954,-4655195825208522542,-793729620925729327
-5414889822782394955,6201946560186605500,-3875881534863988868,-6603970730135147059,-205193648629294862,6569463984699537820
-5410531116380081703,4774970687540378081,-1622037268576555626,5964888566269323942,6941466664989793964,2259988589066296676
-5403733687257676872,-5658245291907121574,5787934590133549357,7395435905985567130,-7126520323752764957,-9033211547111606164
-5380376324140474506,3818189513627822856,-8189315446782327370,-3027055440570405664,3269302169678465882,1021466437456217445
-5363263367015469934,5533752987392101383,-1492574794514500033,-377975173223377441,2589533162305407436,3716124214746295857
-5283011611531067471,4555339116751579515,-6999287066519531005,1348739322889189648,-1630229587164086350,-6707474286910397949
-5283009029345397378,3142843830268077617,6664082205633624486,-1596335233529956315,-2740396993975951758,4195778828921942020
-5255285107284514595,7155061818771055780,-8800029253812071912,6340108943344143104,-1313614305945895108,7459726589306441015
-5253644367331262405,5092635400707338872,-9033211547111606164,7395435905985567130,-377975173223377441,-7126520323752764957
-5198756378866433953,-7463305179076477879,3779639438468810958,-5283011611531067471,5328558001212551235,5875183869203898283
-5193720747719231594,6941466664989793964,-667193404227875686,-8142426490949346803,-7570652411388243006,39554158227241538
-5161313513317812402,4629488036162962359,3998743085432844199,-7809508238092432842,8828175072897143018,734632752661830332
-5154395767417065070,8938071859536254465,-9086955082453789880,-1556169727291354289,-7331393944609614247,4102576381061107965
-5148591903395022444,-3675009040647936899,-4798431998955209742,3818189513627822856,5424502143558028097,-9019233957195913605
-5088157426675091741,-3723217532224917485,-9033211547111606164,-4024778022934140027,-4358357193736101128,8835339470389644264
-5065077552540450930,7181581805250416928,1024145536490998555,6201946560186605500,4774970687540378081,-3875881534863988868
-5044204125574973395,8215778202715904841,-6820241302436968068,2048657552251060795,-5636731245639685654,-4944551138301474550
-5039153034159656707,-3170783292462058942,8402348887626635381,4313871021753084020,1012456848389051365,-8018192200278263695
-5037827401452845772,-1730766821655383888,-6592496241044177853,-3338916066794638254,3035329611795434601,6807042796917367736
-5014627593450767720,7612428320594238723,-8314629309720421219,-6980020268309524947,-6707474286910397949,-5283011611531067471
-5011709367955107239,-3102652803014865472,2602221055863892168,980458131533897249,-3959242148361340089,-271938775771328391
-5002383425685129595,8215778202715904841,2048657552251060795,-6820241302436968068,-4944551138301474550,-5636731245639685654
-4996336942690402156,7529823674661315431,911037455259135591,4428409432282393251,7507067965574797372,-5920475612630001479
-4974757204495953627,5795281877636738272,357449794379078687,511891900317865118,-5848755753905481990,2687654465640040976
-4944551138301474550,-6820241302436968068,8847604225354271039,2048657552251060795,-6273159470243757969,-4216050818952952471
-4888170580455425266,-5684357871122991503,2645380860642118790,-3482581255202910790,-2447632164766022033,7521700660190108859
-4875060556471576861,4165127518659426948,-6872546942144599345,-4050006690189978332,4164212115654350513,3906974906788964502
-4831310174172854034,-8606063418076691067,7202701636941380671,4577451034168098359,90383487344892230,-5446204508747882127
-4798431998955209742,5424502143558028097,-3675009040647936899,-8189315446782327370,-4133169317019898816,3269302169678465882
-4765711818183276269,-1981734999963962468,7229629480273331039,279771472506428952,5962268176939710955,6340108943344143104
-4754223659064624252,-8800029253812071912,6340108943344143104,-8279505492976427918,7155061818771055780,-5255285107284514595
-4700714777342103147,5092635400707338872,-377975173223377441,-1492574794514500033,4102576381061107965,-7986975759046428357
-4655195825208522542,2543311963908571128,7985545205318799060,-7518373517401484139,-5446204508747882127,3598164602856140626
-4625438649010928449,-271938775771328391,-3102652803014865472,-6820241302436968068,2048657552251060795,-4070599188332885701
-4509487968959834430,-6858665134018491791,-6255158415883847921,564282370384747453,8586403905004879205,-615912190028612956
-4503975842879662368,-555187669877280641,-133139342397538859,-820343972901090172,-1297580205670251233,-6783772548752091658
-4487024160266973763,-3875881534863988868,-655909700262679295,6201946560186605500,-205193648629294862,-3850803681204406658
-4460374799273064357,6850500272809381909,7612428320594238723,1734266821019430183,156889606517612871,-3662111110237135231
-4386371945374980231,-5039153034159656707,-3170783292462058942,-170687954910264210,-7508055250504867652,8402348887626635381
-4358357193736101128,7270966256391553686,8589361101754366293,5088013394045185972,7529823674661315431,-4027027091658759481
-4338308747999225618,4139191914110236238,6152652267138213180,7255021292858609470,-8370744479086515302,-1654063646246197191
-4336877432539963613,-3723217532224917485,4045164454094417310,1441248639512899483,8835339470389644264,-7539387928750597096
-4333957157636611418,5854206600849997966,-3040610224044779845,7818691400791322406,2543311963908571128,-7518373517401484139
-4333056764244640444,-3864069617285644895,1107739178195154647,-7539387928750597096,8342423402350940832,5787934590133549357
-4278025512576376201,7851022564818849560,1854874463930846880,-7809508238092432842,2719909253419802298,-5161313513317812402
-4233177915193302509,6615662748793536194,3149164017776669829,-6484638837208285334,-3750879736572068916,4419562057180692966
-4228415104574264137,1021466437456217445,3269302169678465882,-1901742495252324928,-6727357771678896471,-8189315446782327370
-4216050818952952471,-6820241302436968068,-4944551138301474550,-6273159470243757969,2048657552251060795,8215778202715904841
-4205346868684833897,-9033211547111606164,621816023396605502,-2382583983070627054,4118743389464105405,-1654063646246197191
-4158297476631283435,5928346445655989915,8734156751308150579,7400903238402587728,-8992803137960175254,4893900714822288649
-4145260601063545880,-793729620925729327,-4831310174172854034,8115033558441775155,-3040610224044779845,-5446204508747882127
-4133169317019898816,5424502143558028097,-8992803137960175254,-4798431998955209742,-4228415104574264137,3269302169678465882
-4132331404553626868,-3102446808559723934,7434270606888620096,7506614456429888492,-3040610224044779845,5018472516978866574
-4089455027188314262,-307396946333196366,3598164602856140626,6852597772196653540,2543311963908571128,511891900317865118
-4084394822880420062,-7518373517401484139,-8954346068661072425,3367026768872537336,-6654470039478316910,2543311963908571128
-4070599188332885701,-5813211845057621660,-7646922141533719881,1873952032843878490,2277184202014276839,-4974757204495953627
-4050006690189978332,7277161137091492767,4165127518659426948,4164212115654350513,2589533162305407436,-861913102049789637
-4037032837327175755,-861913102049789637,-5253644367331262405,-2382583983070627054,-9033211547111606164,-555187669877280641
-4029704725707465084,-8992803137960175254,-7264217791213422584,8224860111193157980,6044362651232258738,3598164602856140626
-4027027091658759481,8589361101754366293,5088013394045185972,-861913102049789637,-7399665664688732365,-5658245291907121574
-4024778022934140027,-3552937095886146934,-7342604649736473979,2687654465640040976,-5507019982244746725,3075564241645350154
-3959242148361340089,-3191013159715472435,-7826213337362450520,980458131533897249,2602221055863892168,-5011709367955107239
-3954182109690207118,-6579094253358169934,3608243634452078989,1031060816592502094,-7331393944609614247,3149164017776669829
-3944300307678659798,-3040610224044779845,-6840859460575237450,1060159005880386235,1649752043999819668,-5920475612630001479
-3912939678517879962,1881534532776527237,5302085907556673015,9042192299854648021,7229629480273331039,-8085935119790093311
-3900870368325485697,6615662748793536194,-7463305179076477879,5964888566269323942,2952636544547704346,-5410531116380081703
-3875881534863988868,-655909700262679295,6201946560186605500,-1622037268576555626,-5570129644089964821,-205193648629294862
-3864069617285644895,1107739178195154647,7270966256391553686,-4333056764244640444,-3723217532224917485,-4974757204495953627
-3850803681204406658,-3875881534863988868,-655909700262679295,6201946560186605500,-4487024160266973763,-1622037268576555626
-3780822597455574960,-2447632164766022033,-9019233957195913605,3099207916247126790,8974280745225397183,2581138407738454418
-3750879736572068916,5206308811707978799,-5410531116380081703,-1622037268576555626,-447851796385928420,-8518096793350810174
-3723217532224917485,-5088157426675091741,-4336877432539963613,4045164454094417310,8342423402350940832,-3864069617285644895
-3716447017462787559,-8757701761088346244,3495098006178009360,-6523871595334455509,-7399665664688732365,-8800029253812071912
-3700095596785790870,-1111518890369033396,-6592496241044177853,8118799783881928573,-9189659052158407108,2708089973817733462
-3678789633202302491,1561244083438776495,-78066964941874046,3367026768872537336,7985545205318799060,-6728844082024523434
-3675009040647936899,-5148591903395022444,-4798431998955209742,5424502143558028097,672199059798181601,2025471325746532174
-3666646454167334466,-541666025693385823,3818189513627822856,-9192549002213406534,5008913705695203000,4577451034168098359
-3662111110237135231,7277161137091492767,7155061818771055780,-8800029253812071912,-5255285107284514595,6340108943344143104
-3605608255586388018,-377975173223377441,-1492574794514500033,7277161137091492767,3598164602856140626,-8279505492976427918
-3581194288660477595,4579557799493615039,511891900317865118,-5255285107284514595,-9160910454530522563,3382511589554885024
-3552937095886146934,-7342604649736473979,2687654465640040976,-4024778022934140027,-5507019982244746725,-820343972901090172
-3482581255202910790,-5446204508747882127,5484061377044071389,-6590064508646491981,8729086959762650511,-78066964941874046
-3469502952547705884,156889606517612871,-4460374799273064357,5688279681867464747,-1523691178084871,4259370161044254504
-3400154175330058574,2822049545552366036,5688279681867464747,7459726589306441015,7664140604181040222,-5255285107284514595
-3363563881552061188,4139191914110236238,-1654063646246197191,7255021292858609470,-5515204090203464377,6152652267138213180
-3351656282247453586,-7342604649736473979,3205047378909988692,-1617279065634731389,2687654465640040976,-5507019982244746725
-3351652027149912881,-9033211547111606164,2589533162305407436,-1492574794514500033,-5784228041033890044,-986193709330758766
-3348652277274905234,7529823674661315431,911037455259135591,1580124381109623727,-4996336942690402156,-4037032837327175755
-3338916066794638254,3268064929368559554,5258604889412591249,-8287402887944984163,-6245566021053602636,8712996026808754180
-3302834510061927448,7664140604181040222,-1573329182923097618,-2747266787901704910,5847042211895226591,5206308811707978799
-3285397592982852407,-5570129644089964821,-3875881534863988868,-6289909056857931861,-655909700262679295,-1622037268576555626
-3275688295651945765,-2899726011463496555,-1523691178084871,2601622077116449484,6997620589258672675,-6697357763177451167
-3191013159715472435,-3959242148361340089,8118799783881928573,4039031731864440026,-7826213337362450520,8912004903894879756
-3173020603774823976,-1590585250246572231,2625883933130361261,2916072977192006313,7277161137091492767,-1730766821655383888
-3170783292462058942,-5039153034159656707,5045927063019110283,8402348887626635381,2134259819148812594,1012456848389051365
-3161714324304758767,-5778988730475305016,3779639438468810958,3269302169678465882,-7126520323752764957,-2030742781169834114
-3136683414587095274,3064370296170038610,1796618361228441836,3779639438468810958,-4037032837327175755,-2030742781169834114
-3102652803014865472,-271938775771328391,-4625438649010928449,-5011709367955107239,2602221055863892168,3306277069425849869
-3102446808559723934,-7553931975579248065,-7539387928750597096,-7169261479876586557,-908052164352446106,-4132331404553626868
-3071732669882279801,660451400045043370,3149164017776669829,-5912792039759735631,1436883058900979473,-1622037268576555626
-3058031327323357308,2725842723638001955,-4655195825208522542,-6523871595334455509,-3040610224044779845,-793729620925729327
-3040610224044779845,-5920475612630001479,5854206600849997966,-4831310174172854034,-1634742667970363668,-3944300307678659798
-3027055440570405664,3818189513627822856,3269302169678465882,-6727357771678896471,-330801551666885085,-8189315446782327370
-3020916840917845519,8195862936106508846,-8512461968928613053,-7826213337362450520,5849490334294127641,-3700095596785790870
-2948321821574578861,7459726589306441015,-4754223659064624252,-8800029253812071912,-5255285107284514595,7155061818771055780
-2899726011463496555,-3275688295651945765,7818691400791322406,-7613994611628693820,-6697357763177451167,-8900113512825364282
-2855910583928922225,-6727357771678896471,-8189315446782327370,3269302169678465882,3818189513627822856,1021466437456217445
-2828628091730682303,-5507019982244746725,-3552937095886146934,2687654465640040976,-7342604649736473979,1379546145237381445
-2808969983997441543,1379546145237381445,-8287402887944984163,-9160910454530522563,-1730766821655383888,-4027027091658759481
-2808959554282640221,8869347744613364434,-2402288292108892893,3091351089612339864,-1878128207048892154,1469580151036142903
-2774293088092853604,7612428320594238723,-6727357771678896471,9215261273565326920,-3136683414587095274,-4460374799273064357
-2752345899464432864,-330801551666885085,2625883933130361261,7459726589306441015,-1313614305945895108,-2855910583928922225
-2747266787901704910,-6457517220721978,-42126282997118624,3608243634452078989,7664140604181040222,7520301770873472812
-2740396993975951758,3262705634545542432,2262656830196923781,7202701636941380671,-78066964941874046,667643281369196267
-2720012228333470715,-1523691178084871,5688279681867464747,430255078684584595,-1730766821655383888,7664140604181040222
-2683134512107439488,2625883933130361261,-655909700262679295,7459726589306441015,430255078684584595,-667193404227875686
-2667874153709252756,8890720798209849691,3689128258624052102,-538948733779286129,817145340976958200,8690601908689146128
-2584174137395076448,6540624159201421051,-5625593730080264433,1356221992133852808,-2440247087447106971,5816734694927565572
-2554512494756911972,8428597553954921991,7985545205318799060,-9128741757954228992,-6623581327558800021,-2382583983070627054
-2549933363319068481,6620060201676471218,4118743389464105405,1005751836898964351,7534917347133949300,-1313614305945895108
-2539915991213675511,-8813724423497152538,-7613994611628693820,-6697357763177451167,834896074125772354,2916072977192006313
-2504825704002833401,4102576381061107965,4508362112182399467,4788854083489560153,-5446204508747882127,5217724704513784613
-2479936301516183562,-8954346068661072425,5849490334294127641,-6523871595334455509,-5446204508747882127,5336562616168017846
-2447632164766022033,-3780822597455574960,-5148591903395022444,2581138407738454418,-7492067511846042603,2267321579404324900
-2440247087447106971,-360529647164834348,2124033843135988844,6104598399077154797,8886002764685330098,-3716447017462787559
-2402288292108892893,-2808959554282640221,2508620055362300376,1469580151036142903,2916072977192006313,6104598399077154797
-2382583983070627054,-4037032837327175755,3779639438468810958,-7566966163569468290,430255078684584595,-861913102049789637
-2358756719610361882,2581138407738454418,8749720044741011597,-2447632164766022033,-6156751702010469220,7814856426770804213
-2328163218997425612,-2097075598039554565,-3675009040647936899,5849490334294127641,5008913705695203000,-2479936301516183562
-2314360211211303885,3170775058142440102,6643427232964983922,2709926970543371965,-5848514031542611523,-7660505434580831027
-2271000159302779222,-1291869519847635026,-8511291357261863413,7400903238402587728,3818189513627822856,1021466437456217445
-2097075598039554565,-2328163218997425612,8712996026808754180,-4831310174172854034,5217724704513784613,-5446204508747882127
-2069509552243850466,5258604889412591249,-8287402887944984163,-8992201526199201450,428486625959995206,8712996026808754180
-2034054811536485879,4151147085496712967,2633209697262372913,-8085935119790093311,7434270606888620096,2285214528595997209
-2030742781169834114,-3161714324304758767,3779639438468810958,-2382583983070627054,430255078684584595,-6058152698516590252
-1999468346928419252,372531153711028286,-548976469460064550,7065704533945771463,6783622248311192269,-1573329182923097618
-1995591062742965408,511891900317865118,-2382583983070627054,-861913102049789637,-4974757204495953627,8115033558441775155
-1981734999963962468,-4765711818183276269,7395435905985567130,2625883933130361261,279771472506428952,-5253644367331262405
-1901742495252324928,-4228415104574264137,1318981494172475806,621816023396605502,-8800029253812071912,1021466437456217445
-1878128207048892154,-6728844082024523434,569574447134368517,4744297321841608877,-8954346068661072425,-8381230866408697127
-1787737696395220629,1060159005880386235,4577451034168098359,3495098006178009360,-8992201526199201450,-6654470039478316910
-1730766821655383888,430255078684584595,-5756697018315640725,5688279681867464747,-1523691178084871,-2720012228333470715
-1663441888197894674,-1523691178084871,5688279681867464747,-1101832997669013246,8386493184609384928,-6697357763177451167
-1654063646246197191,4139191914110236238,7255021292858609470,6152652267138213180,-3363563881552061188,-4338308747999225618
-1634742667970363668,4508362112182399467,9042192299854648021,5217724704513784613,-6523871595334455509,-3040610224044779845
-1633984990770981161,6829640091575814990,-4487024160266973763,-4798431998955209742,1019706997674210703,8118799783881928573
-1630229587164086350,-6707474286910397949,-6999287066519531005,1348739322889189648,-5283011611531067471,4555339116751579515
-1622037268576555626,-5410531116380081703,-3875881534863988868,-21036008762564671,-205193648629294862,6201946560186605500
-1617279065634731389,357449794379078687,8712996026808754180,-3351656282247453586,-4798431998955209742,-4974757204495953627
-1596335233529956315,-4089455027188314262,-7826213337362450520,6852597772196653540,-5283009029345397378,-4278025512576376201
-1590585250246572231,-6727357771678896471,1005751836898964351,8690601908689146128,1021466437456217445,-3173020603774823976
-1573329182923097618,-548976469460064550,-1999468346928419252,-5507019982244746725,-4024778022934140027,3075564241645350154
-1572252285162838958,3660989387512978561,569574447134368517,428486625959995206,2930191803881821526,1561244083438776495
-1556169727291354289,7395435905985567130,-5253644367331262405,-7331393944609614247,5092635400707338872,2625883933130361261
-1525688508571111688,8835339470389644264,7270966256391553686,511891900317865118,1031060816592502094,6750029764020453263
-1492913151930215984,-1415040208471067980,6569463984699537820,-4070599188332885701,-1995591062742965408,-1730766821655383888
-1492574794514500033,5092635400707338872,-7986975759046428357,-377975173223377441,-4700714777342103147,4102576381061107965
-1483274517395674620,9042192299854648021,279771472506428952,-1981734999963962468,-8964534883296838326,2262656830196923781
-1453783314552286835,1318981494172475806,-6347212504547574224,-1111518890369033396,-8279505492976427918,8526042588044002101
-1452340812018195881,-9033211547111606164,-4037032837327175755,-6467708104873171151,-8377626164558006982,-8085935119790093311
-1444481301861872291,2156244701966673186,-7217198366041991957,4061646345741687197,3472032465864014134,4716135688735489427
-1425776303341065806,6201946560186605500,5258604889412591249,-655909700262679295,-3875881534863988868,962287586799267519
-1415040208471067980,1549650080907932816,-1492913151930215984,-8964534883296838326,9026402401132606773,8482750322470893687
-1403735753867098241,2589533162305407436,-5039153034159656707,8402348887626635381,-3351652027149912881,5092635400707338872
-1313614305945895108,7459726589306441015,-8800029253812071912,-6727357771678896471,-8189315446782327370,8828175072897143018
-1297580205670251233,-7660505434580831027,-133139342397538859,4061646345741687197,-6783772548752091658,3170775058142440102
-1291869519847635026,1021466437456217445,-8511291357261863413,-8189315446782327370,4277778562135834208,-9019233957195913605
-1199490911632553070,5795281877636738272,8690601908689146128,2362495898257544462,-307396946333196366,-9160910454530522563
-1114438937697017987,-7508055250504867652,-861913102049789637,7823781477664935857,2916072977192006313,-4765711818183276269
-1111518890369033396,-8512461968928613053,-3700095596785790870,-6592496241044177853,8912004903894879756,2708089973817733462
-1101832997669013246,-6697357763177451167,-2899726011463496555,7823781477664935857,-2720012228333470715,4774970687540378081
-1022885988494278200,2103268612948910635,-1291869519847635026,-5920475612630001479,-8508606815368130888,962287586799267519
-986193709330758766,-4974757204495953627,-5148591903395022444,6521856301289868251,-4798431998955209742,2625883933130361261
-986027724303592548,400125073514833994,2156244701966673186,7851022564818849560,4184543400419595673,1283472251609674486
-969155230116728853,7521700660190108859,9136323715291453594,6817244649248188271,8118799783881928573,4084131344684656470
-908052164352446106,-3102446808559723934,8835339470389644264,7270966256391553686,-5924996404988010,4485571547865864859
-885453047081832598,3273084325487543386,7516228655554309785,-1730766821655383888,8118799783881928573,-6592496241044177853
-879594538384021068,-5756697018315640725,8522523292310933696,-730957269757756529,-4754223659064624252,-5736221996280340620
-861913102049789637,-4037032837327175755,-5253644367331262405,-2382583983070627054,430255078684584595,1415230502586719648
-860751600992244121,8712996026808754180,1031060816592502094,8835339470389644264,428486625959995206,-8954346068661072425
-820343972901090172,-3552937095886146934,-7342604649736473979,3075564241645350154,-4024778022934140027,2687654465640040976
-799315203186826480,-2855910583928922225,1929674614667189969,-6727357771678896471,127799031949294618,-8189315446782327370
-793729620925729327,-6523871595334455509,3495098006178009360,4577451034168098359,-5446204508747882127,-6400214860728938634
-790959521412948853,6437568358552101410,357449794379078687,660451400045043370,-8657415528200615063,1379546145237381445
-759389978085260161,2362495898257544462,-6340141548068597572,2277184202014276839,8729086959762650511,8302949268716967655
-742603651309629354,511891900317865118,5795281877636738272,3598164602856140626,809601605585939618,-4974757204495953627
-730957269757756529,430255078684584595,-1523691178084871,5688279681867464747,-2720012228333470715,623421554979899217
-667193404227875686,-5193720747719231594,-7570652411388243006,-8142426490949346803,-655909700262679295,-2683134512107439488
-655909700262679295,-3875881534863988868,6201946560186605500,-5570129644089964821,-3850803681204406658,-205193648629294862
-615912190028612956,7993526700719577624,-6858665134018491791,564282370384747453,3273084325487543386,3149164017776669829
-601952361752157430,911037455259135591,6340108943344143104,7529823674661315431,-2549933363319068481,4485571547865864859
-559964548932224920,1024145536490998555,5787934590133549357,-5658245291907121574,-2539915991213675511,7544768317373280661
-555187669877280641,-7126520323752764957,-4037032837327175755,-5253644367331262405,-5778988730475305016,4814419120794996930
-548976469460064550,-1999468346928419252,-5879360586463363298,6783622248311192269,7065704533945771463,-1573329182923097618
-541666025693385823,-8189315446782327370,-1901742495252324928,1021466437456217445,3269302169678465882,-2855910583928922225
-538948733779286129,511891900317865118,-8279505492976427918,1468327003955810686,-5784991738549272379,5018472516978866574
-486686184692655504,1639450243805666792,-8964534883296838326,5037221949349729844,-4278025512576376201,-4338308747999225618
-447851796385928420,-8949113594875411859,-3750879736572068916,4419562057180692966,5293701842202310496,7734121175534200554
-401664538366009049,8890720798209849691,-5410531116380081703,4774970687540378081,2822049545552366036,5875183869203898283
-387651900461462767,1796618361228441836,-307396946333196366,511891900317865118,3075564241645350154,-8279505492976427918
-377975173223377441,5092635400707338872,-5253644367331262405,-4700714777342103147,-1492574794514500033,7395435905985567130
-360529647164834348,-2440247087447106971,2124033843135988844,2708089973817733462,6104598399077154797,-5037827401452845772
-348408475077850711,4277778562135834208,3269302169678465882,2858969450431709251,-8189315446782327370,-6727357771678896471
-330801551666885085,-8189315446782327370,-3027055440570405664,1021466437456217445,3269302169678465882,-2752345899464432864
-307396946333196366,-4089455027188314262,3598164602856140626,-8279505492976427918,511891900317865118,-387651900461462767
-271938775771328391,-4625438649010928449,2602221055863892168,-3102652803014865472,-3959242148361340089,-5011709367955107239
-240359174314633445,6881796783400625893,8115033558441775155,-3675009040647936899,-2328163218997425612,-2808969983997441543
-205193648629294862,-21036008762564671,7606744605433799135,-3875881534863988868,-1622037268576555626,5964888566269323942
-170687954910264210,8402348887626635381,-6643406494673362190,-5039153034159656707,-7508055250504867652,-3170783292462058942
-133139342397538859,-6783772548752091658,1854874463930846880,-348408475077850711,-8208801367848627943,-7809508238092432842
-78667914647336721,1639450243805666792,5211673327552264703,564282370384747453,-615912190028612956,-8964534883296838326
-78066964941874046,5217724704513784613,-2740396993975951758,-6400214860728938634,3142843830268077617,6664082205633624486
-42126282997118624,-6457517220721978,-2747266787901704910,7520301770873472812,3608243634452078989,-6840859460575237450
-21036008762564671,-205193648629294862,-1622037268576555626,-3875881534863988868,6201946560186605500,-655909700262679295
-14569272361926584,3660989387512978561,569574447134368517,8869347744613364434,-2808959554282640221,-8627051188605351707
-7527881206365368,-6584408680441477889,2103268612948910635,-5848514031542611523,764116021156146784,7851022564818849560
-6457517220721978,-2747266787901704910,-42126282997118624,3608243634452078989,7520301770873472812,-6840859460575237450
-5924996404988010,1031060816592502094,-6484638837208285334,8835339470389644264,5875183869203898283,-7331393944609614247
-1523691178084871,5688279681867464747,-2720012228333470715,430255078684584595,-1730766821655383888,7664140604181040222
-1038011342017850,1854874463930846880,2156244701966673186,-7809508238092432842,3998743085432844199,-5161313513317812402
18930987176089166,-4070599188332885701,-1111518890369033396,2124033843135988844,-2440247087447106971,-8512461968928613053
39554158227241538,6941466664989793964,-5193720747719231594,4785499183287168509,-447851796385928420,-8190931845319543363
90383487344892230,-4831310174172854034,-6772940823843058601,-5446204508747882127,1060159005880386235,5849490334294127641
127799031949294618,357449794379078687,-8189315446782327370,-2855910583928922225,-2752345899464432864,7270966256391553686
139485217095648183,2262656830196923781,-9033211547111606164,4577451034168098359,-3058031327323357308,7993526700719577624
156889606517612871,6850500272809381909,7612428320594238723,-4460374799273064357,-8159730897893673528,3273084325487543386
279771472506428952,-4765711818183276269,-1981734999963962468,-8377626164558006982,-8085935119790093311,-8279505492976427918
310515487419366995,-6727357771678896471,3269302169678465882,1021466437456217445,-8189315446782327370,-2855910583928922225
319340024738595907,-8189315446782327370,1021466437456217445,3269302169678465882,2765063319512128208,-7986975759046428357
357449794379078687,4579557799493615039,-4974757204495953627,127799031949294618,-1617279065634731389,-4798431998955209742
358192030955601318,-8142426490949346803,8428597553954921991,623421554979899217,-6728844082024523434,5313335392004163852
372531153711028286,-1999468346928419252,7065704533945771463,-548976469460064550,6783622248311192269,-1573329182923097618
374352050712569304,8118799783881928573,-5410531116380081703,6941466664989793964,8890720798209849691,-447851796385928420
400125073514833994,7851022564818849560,1283472251609674486,-7217198366041991957,4629488036162962359,2719909253419802298
428486625959995206,-8992201526199201450,3660989387512978561,-7162567255723313045,5258604889412591249,-6245566021053602636
430255078684584595,5688279681867464747,-1523691178084871,-2720012228333470715,-1730766821655383888,2625883933130361261
464601875539492971,6620060201676471218,-2549933363319068481,4118743389464105405,-1596335233529956315,882422233694040097
511891900317865118,3075564241645350154,1019706997674210703,-4089455027188314262,-307396946333196366,8886002764685330098
564282370384747453,-6858665134018491791,962287586799267519,-615912190028612956,5206308811707978799,-2271000159302779222
569574447134368517,-8627051188605351707,2277184202014276839,8729086959762650511,-1878128207048892154,9175693555063886126
607684800821303652,1436883058900979473,2727743992157210358,-5255285107284514595,-8900113512825364282,-7570652411388243006
621816023396605502,-8800029253812071912,-1901742495252324928,1318981494172475806,6340108943344143104,-8279505492976427918
623421554979899217,4165127518659426948,5313335392004163852,4164212115654350513,8195862936106508846,-4050006690189978332
660451400045043370,5258604889412591249,3035329611795434601,-6245566021053602636,6678691743269420670,-7162567255723313045
667643281369196267,2262656830196923781,-5848755753905481990,-2740396993975951758,1379546145237381445,3467834993860080188
672199059798181601,-3675009040647936899,5424502143558028097,-4798431998955209742,2607211459879791691,-5148591903395022444
734632752661830332,-5161313513317812402,1881534532776527237,4629488036162962359,7155061818771055780,-8800029253812071912
764116021156146784,5037221949349729844,5302085907556673015,-6584408680441477889,-7527881206365368,3170775058142440102
809601605585939618,8690601908689146128,3205047378909988692,7270966256391553686,-8287402887944984163,-742603651309629354
817145340976958200,7544768317373280661,-8800029253812071912,-9033211547111606164,-5658245291907121574,7400903238402587728
834896074125772354,4774970687540378081,1768072794787289517,-2539915991213675511,5964888566269323942,3273084325487543386
880612740433495828,8586403905004879205,-615912190028612956,7993526700719577624,6044362651232258738,8224860111193157980
882422233694040097,4118743389464105405,6620060201676471218,-2549933363319068481,1356221992133852808,3301147467076954944
911037455259135591,7529823674661315431,4428409432282393251,-3348652277274905234,6340108943344143104,-4996336942690402156
943818026930898372,4139191914110236238,-3750879736572068916,7818691400791322406,7255021292858609470,-8518096793350810174
957332268361319692,8886002764685330098,6644171916702621557,8835339470389644264,511891900317865118,1019706997674210703
962287586799267519,564282370384747453,8974280745225397183,8779890754987103603,-5625593730080264433,-9033211547111606164
980458131533897249,-5011709367955107239,660451400045043370,-3959242148361340089,3075564241645350154,2687654465640040976
991271693336573226,-2314360211211303885,1990052153136096105,2709926970543371965,1854874463930846880,1577045425286888616
1005751836898964351,-1901742495252324928,-8800029253812071912,1021466437456217445,3320201327008235211,-6467708104873171151
1012456848389051365,8402348887626635381,-5039153034159656707,5940374562401786524,-3170783292462058942,-8018192200278263695
1019706997674210703,511891900317865118,8886002764685330098,957332268361319692,-5253644367331262405,-9033211547111606164
1021466437456217445,-4228415104574264137,-8189315446782327370,3320201327008235211,3269302169678465882,-6727357771678896471
1024145536490998555,-5065077552540450930,4369833742675497700,4814419120794996930,-559964548932224920,4785499183287168509
1031060816592502094,-5924996404988010,8835339470389644264,-6074646493203713780,-7331393944609614247,-3954182109690207118
1060159005880386235,3495098006178009360,-4831310174172854034,-6523871595334455509,-6772940823843058601,90383487344892230
1107739178195154647,-3864069617285644895,-4333056764244640444,-4974757204495953627,4045164454094417310,7270966256391553686
1283472251609674486,2156244701966673186,4716135688735489427,7851022564818849560,-7217198366041991957,400125073514833994
1318981494172475806,-1901742495252324928,621816023396605502,-6347212504547574224,-8800029253812071912,-8618420761918493321
1348739322889189648,-1630229587164086350,-5283011611531067471,-6999287066519531005,4555339116751579515,7612428320594238723
1356221992133852808,4084131344684656470,3149164017776669829,3273084325487543386,2916072977192006313,4419562057180692966
1379546145237381445,3598164602856140626,-861913102049789637,-2808969983997441543,-2828628091730682303,667643281369196267
1415230502586719648,7395435905985567130,5092635400707338872,-3161714324304758767,-5253644367331262405,-861913102049789637
1436883058900979473,3273084325487543386,5293701842202310496,4419562057180692966,-3750879736572068916,8118799783881928573
1441248639512899483,-7539387928750597096,4045164454094417310,-5784991738549272379,7395435905985567130,-4336877432539963613
1468327003955810686,2543311963908571128,-4089455027188314262,-8279505492976427918,3598164602856140626,3075564241645350154
1469580151036142903,-8627051188605351707,8869347744613364434,8729086959762650511,-6623581327558800021,-7294716554902079523
1549650080907932816,-8369610219380465981,-9033211547111606164,-1415040208471067980,9042192299854648021,8559816910657872807
1561244083438776495,-3678789633202302491,3075564241645350154,-1572252285162838958,3598164602856140626,2543311963908571128
1567984561327445971,2362495898257544462,-307396946333196366,3598164602856140626,-5571606607344218289,2543311963908571128
1577045425286888616,-2314360211211303885,6643427232964983922,-5848514031542611523,3170775058142440102,2719909253419802298
1580124381109623727,3779639438468810958,-4037032837327175755,-3348652277274905234,-2382583983070627054,-7126520323752764957
1639450243805666792,-1596335233529956315,5037221949349729844,-4278025512576376201,-486686184692655504,-78667914647336721
1649085803937938638,4296604388230897073,3998743085432844199,4716135688735489427,-1313614305945895108,-1901742495252324928
1649752043999819668,-3944300307678659798,-6840859460575237450,-3040610224044779845,-5920475612630001479,-8208801367848627943
1734266821019430183,6850500272809381909,-4460374799273064357,7516228655554309785,7612428320594238723,-6592496241044177853
1738052593226421681,8224860111193157980,8586403905004879205,-5952729859839521828,6044362651232258738,7526364197140419661
1768072794787289517,4774970687540378081,1797761064772338938,5964888566269323942,834896074125772354,-8190931845319543363
1768976290984301641,3881851296308711302,2362495898257544462,1567984561327445971,-5571606607344218289,-1111518890369033396
1796618361228441836,4300652811307550975,-6076367233589223323,-7564569805639737618,-387651900461462767,6620060201676471218
1797761064772338938,1768072794787289517,4774970687540378081,5964888566269323942,-5410531116380081703,2259988589066296676
1854874463930846880,-1038011342017850,-4278025512576376201,5302085907556673015,8828175072897143018,-7809508238092432842
1862503310075246782,7506614456429888492,7818691400791322406,-205193648629294862,-8159730897893673528,5227822864949117283
1873952032843878490,-5813211845057621660,2277184202014276839,-4070599188332885701,5484061377044071389,-7646922141533719881
1878784080584939832,9215261273565326920,-4228415104574264137,3269302169678465882,-1981734999963962468,-5380376324140474506
1881534532776527237,7229629480273331039,734632752661830332,2156244701966673186,-8800029253812071912,-3912939678517879962
1929674614667189969,8559816910657872807,4774970687540378081,7544768317373280661,7400903238402587728,6519443272707698315
1990052153136096105,-6584408680441477889,991271693336573226,-7527881206365368,764116021156146784,4184543400419595673
1992928170409443117,-6654470039478316910,2106559900295325351,9042192299854648021,4039031731864440026,1549650080907932816
2025471325746532174,-8467102776052559275,-7387185690512762935,-3675009040647936899,5263606973029607223,-7518373517401484139
2048657552251060795,-6820241302436968068,8215778202715904841,-5636731245639685654,-4944551138301474550,7506614456429888492
2072448887839540892,-5255285107284514595,7155061818771055780,-8279505492976427918,7229629480273331039,7459726589306441015
2103268612948910635,-7527881206365368,2156244701966673186,6426224004219108539,4184543400419595673,4716135688735489427
2106559900295325351,7202701636941380671,1992928170409443117,-7294716554902079523,-2447632164766022033,1060159005880386235
2124033843135988844,6104598399077154797,-2440247087447106971,-360529647164834348,6829640091575814990,-5037827401452845772
2134259819148812594,-3170783292462058942,-170687954910264210,-5039153034159656707,-9019582414165805420,6201946560186605500
2156244701966673186,-7217198366041991957,1283472251609674486,4716135688735489427,2103268612948910635,4184543400419595673
2229625391864201918,-5571606607344218289,6620060201676471218,-5154395767417065070,-5488842573681626972,1567984561327445971
2259988589066296676,-5410531116380081703,4774970687540378081,1797761064772338938,5964888566269323942,4785499183287168509
2262656830196923781,667643281369196267,-2740396993975951758,6852597772196653540,7202701636941380671,5849490334294127641
2267321579404324900,-7492067511846042603,4039031731864440026,-2447632164766022033,357449794379078687,4300652811307550975
2277184202014276839,-7646922141533719881,9175693555063886126,-5813211845057621660,-8992201526199201450,1873952032843878490
2280365999288629014,-1492574794514500033,5092635400707338872,-7986975759046428357,-377975173223377441,-4700714777342103147
2285214528595997209,-2034054811536485879,4151147085496712967,2633209697262372913,-4875060556471576861,3906974906788964502
2321412363020240814,5227822864949117283,-6484638837208285334,8586403905004879205,7526364197140419661,-5952729859839521828
2362495898257544462,1567984561327445971,2543311963908571128,3598164602856140626,8302949268716967655,6852597772196653540
2372438485070148864,3906974906788964502,2285214528595997209,2025471325746532174,6437568358552101410,-4798431998955209742
2417383163258637695,3495098006178009360,-6074646493203713780,-8511291357261863413,2708089973817733462,6940370558848102253
2468005329717107277,7804826445069770894,7395435905985567130,-8085935119790093311,-8771338872124599367,-7986975759046428357
2495913984359439198,-7564569805639737618,4300652811307550975,2543311963908571128,1796618361228441836,9026402401132606773
2508620055362300376,-6590819806697898649,-6654470039478316910,-6872546942144599345,-6076367233589223323,-7564569805639737618
2543311963908571128,3598164602856140626,3075564241645350154,-4089455027188314262,1468327003955810686,6852597772196653540
2555983212310147009,-7387185690512762935,-8757701761088346244,-3716447017462787559,8657408509986329668,5795281877636738272
2581138407738454418,7429409096643373334,2858969450431709251,4277778562135834208,-348408475077850711,-6074646493203713780
2589533162305407436,-7126520323752764957,-9033211547111606164,7395435905985567130,-5253644367331262405,-4050006690189978332
2601622077116449484,-3275688295651945765,-1901742495252324928,7013665235990336340,-8189315446782327370,-7809508238092432842
2602221055863892168,-271938775771328391,-3102652803014865472,-5011709367955107239,-3959242148361340089,-2358756719610361882
2607211459879791691,4195778828921942020,-8512461968928613053,672199059798181601,8712996026808754180,8620166073102656574
2625883933130361261,3269302169678465882,430255078684584595,7395435905985567130,7459726589306441015,9215261273565326920
2633209697262372913,4151147085496712967,-2034054811536485879,-3780822597455574960,2285214528595997209,8869347744613364434
2645380860642118790,-4888170580455425266,-2382583983070627054,8522523292310933696,430255078684584595,2687654465640040976
2687654465640040976,-3552937095886146934,-7342604649736473979,-5507019982244746725,-4024778022934140027,3075564241645350154
2708089973817733462,-1111518890369033396,-3700095596785790870,7534917347133949300,-6074646493203713780,2417383163258637695
2709926970543371965,-7660505434580831027,3170775058142440102,6643427232964983922,-5848514031542611523,-2314360211211303885
2715453133655798791,4577451034168098359,-1787737696395220629,-6400214860728938634,-4024778022934140027,3367026768872537336
2719909253419802298,7851022564818849560,400125073514833994,4629488036162962359,-4278025512576376201,1577045425286888616
2725842723638001955,-3058031327323357308,-6590064508646491981,667643281369196267,2543311963908571128,7202701636941380671
2727743992157210358,-8189315446782327370,1021466437456217445,6540624159201421051,6940370558848102253,-8518096793350810174
2765063319512128208,-8189315446782327370,-5778988730475305016,-6727357771678896471,1021466437456217445,3269302169678465882
2809702925357288303,6521856301289868251,-5044204125574973395,-6820241302436968068,-4944551138301474550,8215778202715904841
2817960273225808857,-5198756378866433953,3779639438468810958,5211673327552264703,-6058152698516590252,6384824828701919724
2822049545552366036,3779639438468810958,7395435905985567130,7606744605433799135,7155061818771055780,-7126520323752764957
2857117417189640073,-8800029253812071912,6941466664989793964,-1313614305945895108,-8279505492976427918,7606744605433799135
2858969450431709251,-4228415104574264137,-348408475077850711,1021466437456217445,-8189315446782327370,3269302169678465882
2916072977192006313,7516228655554309785,-885453047081832598,8118799783881928573,-1730766821655383888,-6592496241044177853
2930191803881821526,-8627051188605351707,2277184202014276839,428486625959995206,6947862790919978120,569574447134368517
2952636544547704346,-1556169727291354289,-7331393944609614247,4139191914110236238,6519443272707698315,7255021292858609470
3035329611795434601,-6245566021053602636,-7162567255723313045,2625883933130361261,-1313614305945895108,-6727357771678896471
3064370296170038610,-4037032837327175755,3779639438468810958,-8377626164558006982,5206308811707978799,-5253644367331262405
3075564241645350154,511891900317865118,2543311963908571128,-5507019982244746725,-7342604649736473979,-3552937095886146934
3091351089612339864,3660989387512978561,428486625959995206,569574447134368517,-2808959554282640221,-8627051188605351707
3099207916247126790,-3780822597455574960,-78066964941874046,7943088471380012839,-2447632164766022033,4577451034168098359
3142843830268077617,5217724704513784613,6664082205633624486,-6400214860728938634,-6590064508646491981,3205047378909988692
3149164017776669829,5206308811707978799,7516228655554309785,-4233177915193302509,3273084325487543386,4419562057180692966
3170775058142440102,2709926970543371965,-7660505434580831027,6643427232964983922,-2314360211211303885,-5848514031542611523
3180828616327439381,6642437212220341339,-9019582414165805420,-8187220755213888616,-5912792039759735631,6615662748793536194
3205047378909988692,7270966256391553686,3142843830268077617,-3351656282247453586,809601605585939618,-6590064508646491981
3262705634545542432,7202701636941380671,-2740396993975951758,-8606063418076691067,2543311963908571128,2262656830196923781
3268064929368559554,-3338916066794638254,5258604889412591249,-7162567255723313045,-8287402887944984163,-6245566021053602636
3269302169678465882,-6727357771678896471,-8189315446782327370,-5778988730475305016,-4228415104574264137,1021466437456217445
3273084325487543386,7516228655554309785,-885453047081832598,8118799783881928573,8482750322470893687,1436883058900979473
3294074907209583622,2822049545552366036,-3161714324304758767,-7126520323752764957,3779639438468810958,-5684357871122991503
3301147467076954944,6535950170823528902,5313335392004163852,-8512461968928613053,2708089973817733462,623421554979899217
3306277069425849869,7606744605433799135,2822049545552366036,-205193648629294862,3779639438468810958,5206308811707978799
3320201327008235211,1021466437456217445,-6727357771678896471,-4228415104574264137,3269302169678465882,-5778988730475305016
3322348437880079228,1021466437456217445,-2855910583928922225,-5778988730475305016,3269302169678465882,-6727357771678896471
3367026768872537336,-7518373517401484139,5217724704513784613,6644171916702621557,-6654470039478316910,2543311963908571128
3382511589554885024,8690601908689146128,4761910285123871012,-6999287066519531005,4579557799493615039,4555339116751579515
3467834993860080188,667643281369196267,5787934590133549357,-6772940823843058601,-5446204508747882127,8589361101754366293
3472032465864014134,3998743085432844199,4629488036162962359,4184543400419595673,4716135688735489427,-7217198366041991957
3495098006178009360,-3716447017462787559,2417383163258637695,-793729620925729327,9042192299854648021,1060159005880386235
3569727790804487273,5088013394045185972,8589361101754366293,-4027027091658759481,-1111518890369033396,8115033558441775155
3579921471626387620,-7387185690512762935,1468327003955810686,430255078684584595,3598164602856140626,-4089455027188314262
3598164602856140626,-307396946333196366,-4089455027188314262,2543311963908571128,511891900317865118,3075564241645350154
3608243634452078989,-6457517220721978,-6579094253358169934,-3954182109690207118,-2747266787901704910,-42126282997118624
3611701510490148233,-1730766821655383888,3382511589554885024,-377975173223377441,7664140604181040222,5092635400707338872
3616722904601574426,-3944300307678659798,-2479936301516183562,-3040610224044779845,-6523871595334455509,-5920475612630001479
3660989387512978561,428486625959995206,-1572252285162838958,3091351089612339864,-7113155163062752691,-8627051188605351707
3689128258624052102,2280365999288629014,-5253644367331262405,2103268612948910635,6583734846225935852,-2667874153709252756
3716124214746295857,-555187669877280641,7529823674661315431,5533752987392101383,-3348652277274905234,-4037032837327175755
3739926497176994524,-9189659052158407108,-4089455027188314262,3598164602856140626,-307396946333196366,1567984561327445971
3779434447835779494,5875183869203898283,-6245566021053602636,8589361101754366293,8962537427807366481,8974280745225397183
3779639438468810958,-3161714324304758767,-2382583983070627054,-5253644367331262405,7155061818771055780,8289311442635691404
3818189513627822856,-5778988730475305016,4277778562135834208,-3027055440570405664,-2855910583928922225,3269302169678465882
3825866166263569974,-1622037268576555626,3779639438468810958,7823781477664935857,-2382583983070627054,-8369610219380465981
3881851296308711302,1768976290984301641,6620060201676471218,2362495898257544462,6852597772196653540,-307396946333196366
3906974906788964502,8712996026808754180,-8992201526199201450,5424502143558028097,5088013394045185972,5258604889412591249
3998743085432844199,4629488036162962359,-5161313513317812402,3472032465864014134,4716135688735489427,-7217198366041991957
4039031731864440026,2267321579404324900,90383487344892230,1992928170409443117,-9033211547111606164,1060159005880386235
4045164454094417310,1441248639512899483,-3723217532224917485,-4336877432539963613,-5784991738549272379,1107739178195154647
4061646345741687197,4184543400419595673,4716135688735489427,1283472251609674486,-7217198366041991957,-1444481301861872291
4069333494579100211,5206308811707978799,943818026930898372,-8518096793350810174,7943088471380012839,7255021292858609470
4084131344684656470,-5756697018315640725,-8467102776052559275,-6592496241044177853,1356221992133852808,-1730766821655383888
4102576381061107965,5092635400707338872,-4700714777342103147,-7986975759046428357,-1492574794514500033,-377975173223377441
4105873627900556540,8749720044741011597,-8043889175123948305,-5488842573681626972,-5571606607344218289,5658521282502533116
4118743389464105405,-6467708104873171151,6620060201676471218,-2549933363319068481,-5253644367331262405,-4205346868684833897
4139191914110236238,7255021292858609470,-1654063646246197191,6152652267138213180,7606744605433799135,-4338308747999225618
4151147085496712967,-8085935119790093311,-2034054811536485879,2633209697262372913,1318981494172475806,279771472506428952
4164212115654350513,4165127518659426948,-4050006690189978332,7277161137091492767,-5879360586463363298,623421554979899217
4165127518659426948,4164212115654350513,-4050006690189978332,7277161137091492767,623421554979899217,-3662111110237135231
4184543400419595673,4716135688735489427,4061646345741687197,-7217198366041991957,3472032465864014134,4629488036162962359
4195778828921942020,2607211459879791691,-8512461968928613053,5854206600849997966,5227822864949117283,-5283009029345397378
4259370161044254504,-7331393944609614247,-1622037268576555626,-6980020268309524947,-1453783314552286835,6850500272809381909
4277778562135834208,3818189513627822856,-348408475077850711,-8189315446782327370,3269302169678465882,-1291869519847635026
4296604388230897073,1649085803937938638,3998743085432844199,4716135688735489427,2156244701966673186,8626761683919164251
4300652811307550975,1796618361228441836,-7564569805639737618,2495913984359439198,-6076367233589223323,6620060201676471218
4313871021753084020,-5039153034159656707,5940374562401786524,-8018192200278263695,-6590064508646491981,4891010769166501207
4369833742675497700,7606744605433799135,5238119115012015307,4139191914110236238,4774970687540378081,7255021292858609470
4375556914674736641,-5848755753905481990,667643281369196267,-1634742667970363668,3779639438468810958,6852597772196653540
4383035933260676803,8690601908689146128,8620166073102656574,-2549933363319068481,-6858665134018491791,5270696484536580646
4419562057180692966,-5912792039759735631,-447851796385928420,3149164017776669829,-5002383425685129595,5293701842202310496
4428409432282393251,911037455259135591,-4996336942690402156,7529823674661315431,9175693555063886126,-9189659052158407108
4485571547865864859,-1981734999963962468,7395435905985567130,-3723217532224917485,-4336877432539963613,-601952361752157430
4508362112182399467,-1634742667970363668,5217724704513784613,6644171916702621557,-7518373517401484139,3142843830268077617
4555339116751579515,-6999287066519531005,-5283011611531067471,-1630229587164086350,1348739322889189648,5087084654882097891
4577451034168098359,-6400214860728938634,-4831310174172854034,3818189513627822856,-6523871595334455509,7226503561499839165
4579557799493615039,357449794379078687,-1313614305945895108,-3581194288660477595,3382511589554885024,511891900317865118
4629488036162962359,3998743085432844199,4716135688735489427,-5161313513317812402,-7217198366041991957,3472032465864014134
4716135688735489427,-7217198366041991957,4629488036162962359,4184543400419595673,4061646345741687197,2156244701966673186
4744297321841608877,-1878128207048892154,-4974757204495953627,569574447134368517,-4037032837327175755,5484061377044071389
4761910285123871012,3382511589554885024,4555339116751579515,2822049545552366036,3035329611795434601,8690601908689146128
4774970687540378081,-5410531116380081703,5964888566269323942,1768072794787289517,1797761064772338938,8215778202715904841
4785499183287168509,4774970687540378081,8215778202715904841,7506614456429888492,-5410531116380081703,-9086955082453789880
4788854083489560153,-2504825704002833401,6807042796917367736,3091351089612339864,4084131344684656470,-3302834510061927448
4814419120794996930,-6778286518036232293,-555187669877280641,3779639438468810958,-2030742781169834114,-1622037268576555626
4815632823882298534,-3750879736572068916,6535950170823528902,-5625593730080264433,962287586799267519,-4233177915193302509
4876769046116846438,4629488036162962359,400125073514833994,7851022564818849560,-7826213337362450520,2719909253419802298
4891010769166501207,2262656830196923781,5429045128339158843,4313871021753084020,3205047378909988692,-6590064508646491981
4893900714822288649,-5924996404988010,-6484638837208285334,-5784228041033890044,8938071859536254465,5928346445655989915
4911701623098526999,-6273159470243757969,-6820241302436968068,7606744605433799135,-4944551138301474550,-205193648629294862
5008913705695203000,-4974757204495953627,-8511291357261863413,3818189513627822856,-5446204508747882127,3382511589554885024
5018472516978866574,-4037032837327175755,4577451034168098359,-3102446808559723934,-4228415104574264137,3818189513627822856
5037221949349729844,764116021156146784,8483892789913825147,-7527881206365368,1854874463930846880,5302085907556673015
5045927063019110283,-3170783292462058942,-170687954910264210,-7508055250504867652,8402348887626635381,-5039153034159656707
5087084654882097891,7544768317373280661,4555339116751579515,-5283011611531067471,5787934590133549357,-6999287066519531005
5088013394045185972,-4027027091658759481,8589361101754366293,-3675009040647936899,3906974906788964502,-1111518890369033396
5092635400707338872,-377975173223377441,-1492574794514500033,-5253644367331262405,-4700714777342103147,-7986975759046428357
5206308811707978799,3779639438468810958,-3750879736572068916,3149164017776669829,7516228655554309785,-6058152698516590252
5211673327552264703,-8964534883296838326,5087084654882097891,7544768317373280661,5875183869203898283,1019706997674210703
5217724704513784613,3142843830268077617,-6400214860728938634,6664082205633624486,-6654470039478316910,4508362112182399467
5227822864949117283,7606744605433799135,-6484638837208285334,3779639438468810958,2321412363020240814,7459726589306441015
5238119115012015307,6941466664989793964,2857117417189640073,5092635400707338872,-377975173223377441,-4700714777342103147
5258604889412591249,-6245566021053602636,-7162567255723313045,-8992201526199201450,-4037032837327175755,8712996026808754180
5263606973029607223,-8467102776052559275,8526042588044002101,7226503561499839165,-7387185690512762935,2025471325746532174
5270696484536580646,-6484638837208285334,-4338308747999225618,3779639438468810958,430255078684584595,5875183869203898283
5293701842202310496,7229629480273331039,-1622037268576555626,-5410531116380081703,-9019582414165805420,-205193648629294862
5302085907556673015,-7809508238092432842,764116021156146784,-5161313513317812402,8828175072897143018,-6727357771678896471
5313335392004163852,8195862936106508846,623421554979899217,-4037032837327175755,-6728844082024523434,3301147467076954944
5328558001212551235,7612428320594238723,-6707474286910397949,-5283011611531067471,-1630229587164086350,-6999287066519531005
5336562616168017846,7985545205318799060,4508362112182399467,-7387185690512762935,-7891293130731329672,-6590064508646491981
5338677278233757627,-6058152698516590252,7400903238402587728,6152652267138213180,-8518096793350810174,8522523292310933696
5424502143558028097,-4798431998955209742,-4133169317019898816,1021466437456217445,-8992803137960175254,-8189315446782327370
5429045128339158843,4891010769166501207,-3482581255202910790,5484061377044071389,-7113155163062752691,-8627051188605351707
5445999759138709405,-7613994611628693820,-6697357763177451167,6997620589258672675,-7570652411388243006,-2899726011463496555
5484061377044071389,1873952032843878490,-3482581255202910790,-5507019982244746725,5424502143558028097,-5813211845057621660
5530820581773167955,4629488036162962359,-6584408680441477889,-7527881206365368,2709926970543371965,1577045425286888616
5533752987392101383,8559816910657872807,6519443272707698315,-5363263367015469934,-8900113512825364282,-21036008762564671
5658521282502533116,8749720044741011597,4105873627900556540,-5571606607344218289,-5488842573681626972,-8043889175123948305
5688279681867464747,-1523691178084871,430255078684584595,-2720012228333470715,-1730766821655383888,7664140604181040222
5719793245136119929,-655909700262679295,-3875881534863988868,-7613994611628693820,-6697357763177451167,-21036008762564671
5787934590133549357,5875183869203898283,7544768317373280661,5087084654882097891,4911701623098526999,-8190931845319543363
5795281877636738272,-4974757204495953627,-5625593730080264433,-1199490911632553070,3075564241645350154,-5253644367331262405
5816734694927565572,-5625593730080264433,4579557799493615039,-3285397592982852407,-5997769775112032630,-1617279065634731389
5847042211895226591,-6523871595334455509,5849490334294127641,90383487344892230,-3482581255202910790,-4831310174172854034
5849490334294127641,2262656830196923781,3495098006178009360,-2479936301516183562,-793729620925729327,-8954346068661072425
5854206600849997966,7534917347133949300,3818189513627822856,-1291869519847635026,-3027055440570405664,9215261273565326920
5875183869203898283,8522523292310933696,5787934590133549357,3779639438468810958,-2382583983070627054,-5924996404988010
5928346445655989915,-4158297476631283435,4893900714822288649,-5784228041033890044,-3363563881552061188,-3351652027149912881
5940374562401786524,1012456848389051365,4313871021753084020,8402348887626635381,-8018192200278263695,-5039153034159656707
5962268176939710955,-8085935119790093311,-4765711818183276269,279771472506428952,-1981734999963962468,6852597772196653540
5964888566269323942,4774970687540378081,-5410531116380081703,8215778202715904841,-4944551138301474550,-205193648629294862
6015995473246774717,7255021292858609470,-5410531116380081703,2952636544547704346,4139191914110236238,-377975173223377441
6031953227014493100,-5628897645967553681,1854874463930846880,-4278025512576376201,-5848514031542611523,7851022564818849560
6044362651232258738,8586403905004879205,-5952729859839521828,5092635400707338872,8224860111193157980,-377975173223377441
6062146090334604102,4277778562135834208,-1523691178084871,430255078684584595,5688279681867464747,-2720012228333470715
6104598399077154797,2124033843135988844,-2440247087447106971,-7646922141533719881,-360529647164834348,-5037827401452845772
6152652267138213180,-1313614305945895108,4139191914110236238,7459726589306441015,8828175072897143018,-8189315446782327370
6201946560186605500,-3875881534863988868,6569463984699537820,-655909700262679295,-21036008762564671,-205193648629294862
6340108943344143104,7155061818771055780,-8800029253812071912,-5255285107284514595,621816023396605502,-3662111110237135231
6384824828701919724,-5198756378866433953,8522523292310933696,5875183869203898283,8890720798209849691,-1999468346928419252
6426224004219108539,2156244701966673186,2103268612948910635,4716135688735489427,1283472251609674486,3998743085432844199
6437568358552101410,3269302169678465882,-4798431998955209742,-8189315446782327370,6152652267138213180,-5380376324140474506
6463551093741815202,7851022564818849560,764116021156146784,400125073514833994,-7217198366041991957,-6584408680441477889
6519443272707698315,-8369610219380465981,7823781477664935857,8289311442635691404,4139191914110236238,3779639438468810958
6521856301289868251,2809702925357288303,-4974757204495953627,3382511589554885024,357449794379078687,-986193709330758766
6535950170823528902,-8287402887944984163,-1556169727291354289,6201946560186605500,-5625593730080264433,-4233177915193302509
6540624159201421051,2727743992157210358,-2584174137395076448,3273084325487543386,-5625593730080264433,6535950170823528902
6569463984699537820,6201946560186605500,-3875881534863988868,-655909700262679295,-205193648629294862,-1492913151930215984
6583734846225935852,-5380376324140474506,357449794379078687,-3581194288660477595,4579557799493615039,-8189315446782327370
6615662748793536194,-3900870368325485697,-4233177915193302509,-8187220755213888616,5293701842202310496,-205193648629294862
6620060201676471218,-2549933363319068481,4118743389464105405,1796618361228441836,2362495898257544462,4300652811307550975
6642437212220341339,3180828616327439381,-8948234514303933700,7414483722019578252,-5088157426675091741,2134259819148812594
6643427232964983922,3170775058142440102,2709926970543371965,-5848514031542611523,-2314360211211303885,3472032465864014134
6644171916702621557,957332268361319692,8886002764685330098,4508362112182399467,3367026768872537336,511891900317865118
6664082205633624486,-6400214860728938634,5217724704513784613,3142843830268077617,-6654470039478316910,7226503561499839165
6678691743269420670,3779639438468810958,430255078684584595,3064370296170038610,-4037032837327175755,660451400045043370
6750029764020453263,7270966256391553686,7814856426770804213,-4358357193736101128,911037455259135591,-4070599188332885701
6783622248311192269,-1999468346928419252,-548976469460064550,7065704533945771463,-5255285107284514595,372531153711028286
6807042796917367736,-6592496241044177853,-1730766821655383888,-1111518890369033396,2916072977192006313,7516228655554309785
6817244649248188271,-969155230116728853,2372438485070148864,5088013394045185972,-8992201526199201450,6989198691754522425
6829640091575814990,-1633984990770981161,2124033843135988844,358192030955601318,7087600436874507849,-7681408188643141872
6850500272809381909,-4460374799273064357,1734266821019430183,7612428320594238723,-6980020268309524947,156889606517612871
6852597772196653540,-4089455027188314262,2262656830196923781,2543311963908571128,-307396946333196366,1468327003955810686
6881796783400625893,-240359174314633445,-2539915991213675511,-2328163218997425612,-7613994611628693820,-8243488279185272615
6910763794618680440,279771472506428952,-2740396993975951758,7943088471380012839,-78066964941874046,-6728844082024523434
6940370558848102253,1021466437456217445,-8189315446782327370,3269302169678465882,7400903238402587728,-8511291357261863413
6941466664989793964,-5193720747719231594,39554158227241538,2857117417189640073,-5410531116380081703,5238119115012015307
6947862790919978120,2262656830196923781,569574447134368517,3262705634545542432,2930191803881821526,-2097075598039554565
6989198691754522425,8712996026808754180,-1617279065634731389,-2097075598039554565,-4145260601063545880,-8258529658421542282
6997620589258672675,7818691400791322406,7013665235990336340,-6697357763177451167,-3275688295651945765,5719793245136119929
7013665235990336340,6997620589258672675,8386493184609384928,-6697357763177451167,-7613994611628693820,39554158227241538
7065704533945771463,-1999468346928419252,-548976469460064550,372531153711028286,6783622248311192269,-1573329182923097618
7087600436874507849,-655909700262679295,-1999468346928419252,6384824828701919724,1768976290984301641,6829640091575814990
7088167897470452815,-1483274517395674620,-7264217791213422584,-8964534883296838326,8224860111193157980,-8992803137960175254
7155061818771055780,-8800029253812071912,6340108943344143104,-5255285107284514595,-1313614305945895108,-3662111110237135231
7181581805250416928,4774970687540378081,-1523691178084871,-6579094253358169934,1797761064772338938,-21036008762564671
7187598944032799890,4102576381061107965,-1492574794514500033,-7986975759046428357,5092635400707338872,-377975173223377441
7202701636941380671,3262705634545542432,-8606063418076691067,-4831310174172854034,2262656830196923781,-2740396993975951758
7226503561499839165,6664082205633624486,5263606973029607223,-1291869519847635026,4577451034168098359,3818189513627822856
7229629480273331039,7155061818771055780,-8800029253812071912,-4765711818183276269,-5255285107284514595,6340108943344143104
7255021292858609470,4139191914110236238,-1654063646246197191,7606744605433799135,-4338308747999225618,6152652267138213180
7270966256391553686,-4358357193736101128,3205047378909988692,-3864069617285644895,1796618361228441836,-7862677531530632089
7277161137091492767,-3662111110237135231,-4050006690189978332,4165127518659426948,-6980020268309524947,4164212115654350513
7395435905985567130,-5253644367331262405,-7126520323752764957,-1556169727291354289,2625883933130361261,-1981734999963962468
7400903238402587728,8828175072897143018,-1313614305945895108,3269302169678465882,1021466437456217445,-6727357771678896471
7414483722019578252,400125073514833994,1283472251609674486,7851022564818849560,-1878128207048892154,-5507019982244746725
7424795099560672335,-8467102776052559275,-7387185690512762935,7993526700719577624,4577451034168098359,9026402401132606773
7429409096643373334,2581138407738454418,2858969450431709251,4277778562135834208,-348408475077850711,8115033558441775155
7434270606888620096,-2034054811536485879,-8085935119790093311,7804826445069770894,4151147085496712967,-4132331404553626868
7458850059926549081,7270966256391553686,-5813211845057621660,3367026768872537336,-3864069617285644895,9026402401132606773
7459643459148487877,8386493184609384928,2727743992157210358,1567984561327445971,-5571606607344218289,-8243488279185272615
7459726589306441015,-1313614305945895108,-6727357771678896471,-8189315446782327370,3269302169678465882,-8800029253812071912
7506614456429888492,8215778202715904841,-6820241302436968068,2048657552251060795,-5636731245639685654,-6273159470243757969
7507067965574797372,-4996336942690402156,-8511291357261863413,911037455259135591,-1291869519847635026,-8381230866408697127
7516228655554309785,2916072977192006313,3273084325487543386,8118799783881928573,-6592496241044177853,-1730766821655383888
7520301770873472812,-42126282997118624,3608243634452078989,-2747266787901704910,-6840859460575237450,-5636731245639685654
7521700660190108859,-969155230116728853,-4888170580455425266,9136323715291453594,-330801551666885085,-3302834510061927448
7526364197140419661,7155061818771055780,8224860111193157980,-5255285107284514595,3779639438468810958,8586403905004879205
7529823674661315431,-3348652277274905234,911037455259135591,-4996336942690402156,-8508606815368130888,6340108943344143104
7534917347133949300,-1291869519847635026,-8511291357261863413,-5778988730475305016,1021466437456217445,-6074646493203713780
7544768317373280661,817145340976958200,5787934590133549357,5087084654882097891,8589361101754366293,7400903238402587728
7606744605433799135,4139191914110236238,7255021292858609470,-205193648629294862,4911701623098526999,2822049545552366036
7612428320594238723,-6707474286910397949,5328558001212551235,6850500272809381909,-1630229587164086350,-4460374799273064357
7620697593009487898,-4027027091658759481,8589361101754366293,5088013394045185972,-1453783314552286835,3382511589554885024
7664140604181040222,5688279681867464747,430255078684584595,7459726589306441015,-1523691178084871,-6858665134018491791
7734121175534200554,-4700714777342103147,-447851796385928420,5293701842202310496,5092635400707338872,-377975173223377441
7804826445069770894,2468005329717107277,7395435905985567130,-7399665664688732365,-4765711818183276269,1021466437456217445
7814856426770804213,5854206600849997966,-4831310174172854034,-8992201526199201450,-6523871595334455509,1992928170409443117
7818691400791322406,-2899726011463496555,-7399665664688732365,6997620589258672675,943818026930898372,-4333957157636611418
7823781477664935857,6519443272707698315,-7862677531530632089,4774970687540378081,2916072977192006313,3825866166263569974
7851022564818849560,400125073514833994,1283472251609674486,4629488036162962359,-6584408680441477889,2156244701966673186
7933360486658437274,-2539915991213675511,7664140604181040222,957332268361319692,8690601908689146128,-6697357763177451167
7943088471380012839,-348408475077850711,3818189513627822856,-5148591903395022444,-3027055440570405664,3099207916247126790
7985545205318799060,-5446204508747882127,-8467102776052559275,-2554512494756911972,-4655195825208522542,-6728844082024523434
7993526700719577624,5092635400707338872,-1492574794514500033,-615912190028612956,-377975173223377441,-4700714777342103147
8115033558441775155,8886002764685330098,3367026768872537336,-4655195825208522542,-5446204508747882127,7429409096643373334
8118799783881928573,374352050712569304,7516228655554309785,3273084325487543386,-6592496241044177853,-885453047081832598
8195862936106508846,5313335392004163852,-4037032837327175755,623421554979899217,-7623502978685822577,-6728844082024523434
8215778202715904841,2048657552251060795,-6820241302436968068,-6273159470243757969,7506614456429888492,-5636731245639685654
8224860111193157980,7526364197140419661,6044362651232258738,1738052593226421681,-8992803137960175254,-6255158415883847921
8289311442635691404,3779639438468810958,-6058152698516590252,6519443272707698315,8522523292310933696,-2382583983070627054
8302949268716967655,2362495898257544462,8729086959762650511,-8627051188605351707,-6590819806697898649,-759389978085260161
8342423402350940832,-3723217532224917485,1441248639512899483,-4336877432539963613,4045164454094417310,-5784991738549272379
8386493184609384928,7459643459148487877,7013665235990336340,6997620589258672675,-6697357763177451167,-7613994611628693820
8402348887626635381,1012456848389051365,-170687954910264210,-5039153034159656707,-3170783292462058942,3322348437880079228
8428597553954921991,-2554512494756911972,358192030955601318,7985545205318799060,1436883058900979473,-3750879736572068916
8477804012624580461,2952636544547704346,428486625959995206,3660989387512978561,-6289909056857931861,3091351089612339864
8482750322470893687,3273084325487543386,-4338308747999225618,6519443272707698315,-7331393944609614247,1929674614667189969
8483892789913825147,1021466437456217445,-8189315446782327370,3269302169678465882,-6727357771678896471,8828175072897143018
8522523292310933696,5875183869203898283,-6058152698516590252,8289311442635691404,-2382583983070627054,6384824828701919724
8526042588044002101,5263606973029607223,-8467102776052559275,-7387185690512762935,-1453783314552286835,2025471325746532174
8559816910657872807,-8369610219380465981,1929674614667189969,1318981494172475806,5533752987392101383,6519443272707698315
8586403905004879205,-5952729859839521828,6044362651232258738,7526364197140419661,2321412363020240814,880612740433495828
8589361101754366293,-4027027091658759481,5088013394045185972,7544768317373280661,-4358357193736101128,-5658245291907121574
8620166073102656574,2607211459879791691,4577451034168098359,-6074646493203713780,2687654465640040976,3301147467076954944
8626761683919164251,4716135688735489427,4184543400419595673,2156244701966673186,3472032465864014134,1283472251609674486
8651615486877503655,-3482581255202910790,1019706997674210703,511891900317865118,6521856301289868251,-4974757204495953627
8657408509986329668,-8467102776052559275,2687654465640040976,4084131344684656470,2025471325746532174,5263606973029607223
8690601908689146128,3382511589554885024,-9033211547111606164,-1730766821655383888,430255078684584595,-1199490911632553070
8712996026808754180,5258604889412591249,-1617279065634731389,-8287402887944984163,-8512461968928613053,3906974906788964502
8729086959762650511,-8627051188605351707,8302949268716967655,-78066964941874046,2362495898257544462,569574447134368517
8734156751308150579,-4158297476631283435,1768072794787289517,4774970687540378081,-5065077552540450930,834896074125772354
8749720044741011597,4105873627900556540,-5488842573681626972,-8043889175123948305,1019706997674210703,8886002764685330098
8769121796537771237,-5684357871122991503,-7613994611628693820,-2539915991213675511,6540624159201421051,-2271000159302779222
8779890754987103603,962287586799267519,1992928170409443117,-3666646454167334466,-5148591903395022444,-2447632164766022033
8828175072897143018,-1313614305945895108,-7809508238092432842,6152652267138213180,-8189315446782327370,7400903238402587728
8835339470389644264,957332268361319692,1031060816592502094,511891900317865118,-5924996404988010,6644171916702621557
8847604225354271039,-4944551138301474550,-6273159470243757969,-6820241302436968068,-4216050818952952471,8215778202715904841
8869347744613364434,-2808959554282640221,8302949268716967655,2633209697262372913,-8627051188605351707,1469580151036142903
8886002764685330098,957332268361319692,6644171916702621557,511891900317865118,1019706997674210703,-8954346068661072425
8890720798209849691,-401664538366009049,2822049545552366036,7606744605433799135,-3750879736572068916,1415230502586719648
8901449108040307914,-548976469460064550,2372438485070148864,4369833742675497700,-2554512494756911972,-3400154175330058574
8912004903894879756,-1111518890369033396,9026402401132606773,-1634742667970363668,8690601908689146128,4579557799493615039
8938071859536254465,-5154395767417065070,4893900714822288649,2229625391864201918,-5784228041033890044,7606744605433799135
8962537427807366481,5875183869203898283,7277161137091492767,3779434447835779494,-3662111110237135231,5270696484536580646
8974280745225397183,-9033211547111606164,962287586799267519,-3780822597455574960,6062146090334604102,-2271000159302779222
9026402401132606773,8912004903894879756,2543311963908571128,957332268361319692,2495913984359439198,-1111518890369033396
9042192299854648021,-1634742667970363668,-1483274517395674620,3495098006178009360,1549650080907932816,4508362112182399467
9079880752026843473,-1633984990770981161,-3675009040647936899,672199059798181601,2607211459879791691,7087600436874507849
9136323715291453594,-969155230116728853,-3302834510061927448,8835339470389644264,-8314629309720421219,1031060816592502094
9175693555063886126,2277184202014276839,4428409432282393251,569574447134368517,-2069509552243850466,428486625959995206
9215261273565326920,2625883933130361261,3269302169678465882,-8189315446782327370,1021466437456217445,-6727357771678896471
9220445660318725468,7202701636941380671,667643281369196267,2262656830196923781,8589361101754366293,1356221992133852808
